locus,rsid,study_id,gene,l2g_score
TCF7L2,rs7903146,GCST006867,TCF7L2,0.853763997554779
FTO,rs1421085,GCST006867,FTO,0.9812718033790588
FTO,rs1421085,GCST006867,RPGRIP1L,0.1769734025001526
MTNR1B,rs10830963,GCST006867,MTNR1B,0.8532209992408752
KLF14,rs972283,FINNGEN_R12_T2D_WIDE,KLF14,0.7068416476249695
ADCY5,rs11708067,GCST006867,ADCY5,0.7459869384765625
ADCY5,rs11708067,GCST006867,SEC22A,0.07739121466875076
CDKN2A_CDKN2B,rs10811661,GCST006867,CDKN2B,0.5609035491943359
CDKN2A_CDKN2B,rs10811661,GCST006867,CDKN2A,0.2592725455760956
SLC30A8,rs13266634,GCST006867,SLC30A8,0.9343155026435852
IGF2BP2,rs4402960,FINNGEN_R12_T2D,IGF2BP2,0.7690925002098083
CDKAL1,rs7754840,GCST90479881,CDKAL1,0.8300923109054565
CDKAL1,rs7754840,GCST90479881,E2F3,0.050763994455337524
THADA,rs7578597,GCST005413,THADA,0.5938977599143982
THADA,rs7578597,GCST005413,ZFP36L2,0.13852187991142273
THADA,rs7578597,GCST005413,PLEKHH2,0.06082560494542122
HHEX_IDE,rs1111875,FINNGEN_R12_T2D,HHEX,0.5596750378608704
HHEX_IDE,rs1111875,FINNGEN_R12_T2D,KIF11,0.061322666704654694
HHEX_IDE,rs1111875,FINNGEN_R12_T2D,IDE,0.05211314558982849
JAZF1,rs864745,GCST90029024,JAZF1,0.8817803859710693
JAZF1,rs864745,GCST90029024,TAX1BP1,0.06700920313596725
HNF1B,rs4430796,GCST005047,HNF1B,0.7643893957138062
PROX1,rs340874,GCST006867,PROX1,0.8422001004219055
G6PC2,rs560887,GCST90271558,G6PC2,0.8278226852416992
G6PC2,rs560887,GCST90271558,SPC25,0.13514207303524017
NOTCH2,rs10923931,GCST006867,NOTCH2,0.5051175951957703
NOTCH2,rs10923931,GCST006867,ADAM30,0.1538463979959488
CDC123_CAMK1D,rs12779790,GCST005413,CAMK1D,0.5630057454109192
CDC123_CAMK1D,rs12779790,GCST005413,NUDT5,0.35431525111198425
CDC123_CAMK1D,rs12779790,GCST005413,CDC123,0.12912800908088684
CDC123_CAMK1D,rs12779790,GCST005413,SEC61A2,0.07216130942106247
TP53INP1,rs896854,GCST006867,TP53INP1,0.7869455814361572
TP53INP1,rs896854,GCST006867,NDUFAF6,0.22128327190876007
TP53INP1,rs896854,GCST006867,INTS8,0.06971482187509537
TP53INP1,rs896854,GCST006867,CCNE2,0.05162700638175011
CCND2,rs11063069,GCST90475667,CCND2,0.7733690738677979
ARAP1_CENTD2,rs1552224,GCST006867,ARAP1,0.7578051090240479
ARAP1_CENTD2,rs1552224,GCST006867,STARD10,0.08328071236610413
PRC1,rs8042680,FINNGEN_R12_T2D_WIDE,PRC1,0.36964818835258484
PRC1,rs8042680,FINNGEN_R12_T2D_WIDE,RCCD1,0.18956688046455383
PRC1,rs8042680,FINNGEN_R12_T2D_WIDE,VPS33B,0.17090320587158203
PRC1,rs8042680,FINNGEN_R12_T2D_WIDE,UNC45A,0.050630271434783936
TLE1,rs17791513,GCST006867,TLE4,0.5826851725578308
HMG20A,rs7177055,GCST006867,HMG20A,0.31942498683929443
HMG20A,rs7177055,GCST006867,PEAK1,0.1443471908569336
HMG20A,rs7177055,GCST006867,LINGO1,0.08160087466239929
DUSP8_HCCA2,rs2334499,GCST90475667,KRTAP5-6,0.15822702646255493
DUSP8_HCCA2,rs2334499,GCST90475667,IFITM10,0.06750936806201935
KCNQ1,rs231362,GCST005047,KCNQ1,0.6684967875480652
KCNQ1,rs231362,GCST005047,SLC67A1,0.11244098097085953
KCNQ1,rs231362,GCST005047,TRPM5,0.110330730676651
KCNQ1,rs231362,GCST005047,CDKN1C,0.11008874326944351
KCNJ11_ABCC8,rs5215,GCST006867,KCNJ11,0.9474960565567017
KCNJ11_ABCC8,rs5215,GCST006867,ABCC8,0.8801040649414062
ANKRD55,rs459193,GCST006867,ANKRD55,0.5612800121307373
ANKRD55,rs459193,GCST006867,MAP3K1,0.10639337450265884
CILP2_TM6SF2,rs10401969,GCST006867,MAU2,0.2852301597595215
CILP2_TM6SF2,rs10401969,GCST006867,SUGP1,0.12823960185050964
MAEA,rs6815464,GCST004894,MAEA,0.6760526895523071
MAEA,rs6815464,GCST004894,UVSSA,0.15884152054786682
